timestamp,symbol,side,entry_price,exit_price,pnl,size,stop_loss,take_profit,duration_seconds,risk_amount,atr_value,r_value,risk_multiplier,ema_cross_diff_pct,atr_pct,rsi_normalized,price_to_fast_pct,price_to_slow_pct,trend_direction,trend_strength,regime,volatility_level,target,trade_type,exit_type,r_multiple,time_in_trade
2026-01-26 18:41:07.698224,BTC/USDT,BUY,88162.0,88040.49,-6.8913181399997026,0.056714,87721.19,88602.81,30.678315,,,1.0,1.0,0.0,0.0,0.0,0.0,0.0,0.0,0.0,unknown,normal,True,False,True,BUY,BUY,True,0,executed,unknown,-6.8913181399997026,30.678315
2026-01-26 18:41:11.281632,BTC/USDT,BUY,88162.0,88040.49,-6.8913181399997026,0.056714,87721.19,88602.81,32.371026,,,1.0,1.0,0.0,0.0,0.0,0.0,0.0,0.0,0.0,unknown,normal,True,False,True,BUY,BUY,True,0,executed,unknown,-6.8913181399997026,32.371026
2026-01-26 18:41:14.770927,BTC/USDT,BUY,88076.36,88040.49,-2.0363040299997355,0.056769,87635.98,88516.74,30.653811,,,1.0,1.0,0.0,0.0,0.0,0.0,0.0,0.0,0.0,unknown,normal,True,False,True,BUY,BUY,True,0,executed,unknown,-2.0363040299997355,30.653811
2026-01-26 18:41:19.369662,BTC/USDT,BUY,88076.36,88076.9,0.030655259999636517,0.056769,87635.98,88516.74,31.368322,,,1.0,1.0,0.0,0.0,0.0,0.0,0.0,0.0,0.0,unknown,normal,True,False,True,BUY,BUY,True,0,executed,unknown,0.030655259999636517,31.368322
2026-01-26 18:41:22.861595,BTC/USDT,BUY,88076.36,88076.9,0.030655259999636517,0.056769,87635.98,88516.74,31.410403,,,1.0,1.0,0.0,0.0,0.0,0.0,0.0,0.0,0.0,unknown,normal,True,False,True,BUY,BUY,True,0,executed,unknown,0.030655259999636517,31.410403
2026-01-26 18:41:26.410265,BTC/USDT,BUY,88076.36,88076.91,0.031222950000165218,0.056769,87635.98,88516.74,32.004558,,,1.0,1.0,0.0,0.0,0.0,0.0,0.0,0.0,0.0,unknown,normal,True,False,True,BUY,BUY,True,0,executed,unknown,0.031222950000165218,32.004558
2026-01-26 18:41:28.925763,BTC/USDT,BUY,88076.36,88076.9,0.030655259999636517,0.056769,87635.98,88516.74,31.251163,,,1.0,1.0,0.0,0.0,0.0,0.0,0.0,0.0,0.0,unknown,normal,True,False,True,BUY,BUY,True,0,executed,unknown,0.030655259999636517,31.251163
2026-01-26 18:41:32.949160,BTC/USDT,BUY,88040.5,88076.9,2.0672287999996697,0.056792,87600.3,88480.7,31.410956,,,1.0,1.0,0.0,0.0,0.0,0.0,0.0,0.0,0.0,unknown,normal,True,False,True,BUY,BUY,True,1,executed,unknown,2.0672287999996697,31.410956
2026-01-26 18:41:36.535117,BTC/USDT,BUY,88040.49,88061.95,1.2187563199995373,0.056792,87600.29,88480.69,31.436598,,,1.0,1.0,0.0,0.0,0.0,0.0,0.0,0.0,0.0,unknown,normal,True,False,True,BUY,BUY,True,1,executed,unknown,1.2187563199995373,31.436598
2026-01-26 18:41:45.422903,BTC/USDT,BUY,88040.49,88061.95,1.2154085599995383,0.056636,87600.29,88480.69,31.588933,,,1.0,1.0,0.0,0.0,0.0,0.0,0.0,0.0,0.0,unknown,normal,True,False,True,BUY,BUY,True,1,executed,unknown,1.2154085599995383,31.588933
2026-01-26 18:41:48.968230,BTC/USDT,BUY,88076.9,88061.95,-0.8460055499998353,0.056589,87636.52,88517.28,32.114406,,,1.0,1.0,0.0,0.0,0.0,0.0,0.0,0.0,0.0,unknown,normal,True,False,True,BUY,BUY,True,0,executed,unknown,-0.8460055499998353,32.114406
2026-01-26 18:43:35.225903,BTC/USDT,BUY,88023.41,87995.39,-1.5877813200002309,0.056666,87583.29,88463.53,31.088674,,,1.0,1.0,0.0,0.0,0.0,0.0,0.0,0.0,0.0,unknown,normal,True,False,True,BUY,BUY,True,0,executed,unknown,-1.5877813200002309,31.088674
2026-01-26 18:43:39.473148,BTC/USDT,BUY,88023.41,87991.2,-1.8252118600003628,0.056666,87583.29,88463.53,30.31395,,,1.0,1.0,0.0,0.0,0.0,0.0,0.0,0.0,0.0,unknown,normal,True,False,True,BUY,BUY,True,0,executed,unknown,-1.8252118600003628,30.31395
2026-01-26 18:43:43.495426,BTC/USDT,BUY,88023.41,87991.2,-1.8252118600003628,0.056666,87583.29,88463.53,31.584125,,,1.0,1.0,0.0,0.0,0.0,0.0,0.0,0.0,0.0,unknown,normal,True,False,True,BUY,BUY,True,0,executed,unknown,-1.8252118600003628,31.584125
2026-01-26 18:43:47.570032,BTC/USDT,BUY,88023.41,87991.2,-1.8252118600003628,0.056666,87583.29,88463.53,31.56436,,,1.0,1.0,0.0,0.0,0.0,0.0,0.0,0.0,0.0,unknown,normal,True,False,True,BUY,BUY,True,0,executed,unknown,-1.8252118600003628,31.56436
2026-01-26 18:43:50.086222,BTC/USDT,BUY,88023.41,87991.2,-1.8252118600003628,0.056666,87583.29,88463.53,30.790713,,,1.0,1.0,0.0,0.0,0.0,0.0,0.0,0.0,0.0,unknown,normal,True,False,True,BUY,BUY,True,0,executed,unknown,-1.8252118600003628,30.790713
2026-01-26 18:44:04.566739,BTC/USDT,BUY,88008.27,88002.4,-0.3326881200005608,0.056676,87568.23,88448.31,31.262119,,,1.0,1.0,0.0,0.0,0.0,0.0,0.0,0.0,0.0,unknown,normal,True,False,True,BUY,BUY,True,0,executed,unknown,-0.3326881200005608,31.262119
2026-01-26 18:44:08.072952,BTC/USDT,BUY,87991.2,88002.4,0.6346927999998351,0.056669,87551.24,88431.16,30.074462,,,1.0,1.0,0.0,0.0,0.0,0.0,0.0,0.0,0.0,unknown,normal,True,False,True,BUY,BUY,True,0,executed,unknown,0.6346927999998351,30.074462
2026-01-26 18:46:04.172301,BTC/USDT,BUY,87972.35,87945.96,-1.493726779999967,0.056602,87532.49,88412.21,31.692735,,,1.0,1.0,0.0,0.0,0.0,0.0,0.0,0.0,0.0,unknown,normal,True,False,True,BUY,BUY,True,0,executed,unknown,-1.493726779999967,31.692735
2026-01-26 18:46:06.676249,BTC/USDT,BUY,87972.35,87945.96,-1.493726779999967,0.056602,87532.49,88412.21,30.945451,,,1.0,1.0,0.0,0.0,0.0,0.0,0.0,0.0,0.0,unknown,normal,True,False,True,BUY,BUY,True,0,executed,unknown,-1.493726779999967,30.945451
2026-01-26 18:46:10.158158,BTC/USDT,BUY,87945.96,87985.99,2.266458569999934,0.056619,87506.23,88385.69,31.505681,,,1.0,1.0,0.0,0.0,0.0,0.0,0.0,0.0,0.0,unknown,normal,True,False,True,BUY,BUY,True,1,executed,unknown,2.266458569999934,31.505681
2026-01-26 18:46:13.620161,BTC/USDT,BUY,87945.96,87986.0,2.2670247599996376,0.056619,87506.23,88385.69,31.517486,,,1.0,1.0,0.0,0.0,0.0,0.0,0.0,0.0,0.0,unknown,normal,True,False,True,BUY,BUY,True,1,executed,unknown,2.2670247599996376,31.517486
2026-01-26 18:46:16.133604,BTC/USDT,BUY,87945.96,87986.0,2.2670247599996376,0.056619,87506.23,88385.69,31.33563,,,1.0,1.0,0.0,0.0,0.0,0.0,0.0,0.0,0.0,unknown,normal,True,False,True,BUY,BUY,True,1,executed,unknown,2.2670247599996376,31.33563
2026-01-26 18:46:20.172457,BTC/USDT,BUY,87945.96,87986.0,2.2670247599996376,0.056619,87506.23,88385.69,30.792259,,,1.0,1.0,0.0,0.0,0.0,0.0,0.0,0.0,0.0,unknown,normal,True,False,True,BUY,BUY,True,1,executed,unknown,2.2670247599996376,30.792259
2026-01-26 18:46:22.686211,BTC/USDT,BUY,87945.96,87986.0,2.2670247599996376,0.056619,87506.23,88385.69,30.026889,,,1.0,1.0,0.0,0.0,0.0,0.0,0.0,0.0,0.0,unknown,normal,True,False,True,BUY,BUY,True,1,executed,unknown,2.2670247599996376,30.026889
2026-01-26 18:46:25.194462,BTC/USDT,BUY,87945.96,87986.01,2.267590949999341,0.056619,87506.23,88385.69,32.158781,,,1.0,1.0,0.0,0.0,0.0,0.0,0.0,0.0,0.0,unknown,normal,True,False,True,BUY,BUY,True,1,executed,unknown,2.267590949999341,32.158781
2026-01-26 18:48:04.087965,BTC/USDT,BUY,88016.68,88026.6,0.5624044800007261,0.056694,87576.6,88456.76,31.340657,,,1.0,1.0,0.0,0.0,0.0,0.0,0.0,0.0,0.0,unknown,normal,True,False,True,BUY,BUY,True,0,executed,unknown,0.5624044800007261,31.340657
2026-01-26 18:48:06.591729,BTC/USDT,BUY,88017.13,88026.6,0.536882710000066,0.056693,87577.04,88457.22,30.551534,,,1.0,1.0,0.0,0.0,0.0,0.0,0.0,0.0,0.0,unknown,normal,True,False,True,BUY,BUY,True,0,executed,unknown,0.536882710000066,30.551534
2026-01-26 18:48:10.111357,BTC/USDT,BUY,88017.14,88026.6,0.536315780000363,0.056693,87577.05,88457.23,31.106104,,,1.0,1.0,0.0,0.0,0.0,0.0,0.0,0.0,0.0,unknown,normal,True,False,True,BUY,BUY,True,0,executed,unknown,0.536315780000363,31.106104
2026-01-26 18:48:13.600811,BTC/USDT,BUY,88017.14,88049.28,1.822113019999967,0.056693,87577.05,88457.23,31.322422,,,1.0,1.0,0.0,0.0,0.0,0.0,0.0,0.0,0.0,unknown,normal,True,False,True,BUY,BUY,True,1,executed,unknown,1.822113019999967,31.322422
2026-01-26 18:48:16.111636,BTC/USDT,BUY,88017.14,88049.27,1.821546090000264,0.056693,87577.05,88457.23,30.582674,,,1.0,1.0,0.0,0.0,0.0,0.0,0.0,0.0,0.0,unknown,normal,True,False,True,BUY,BUY,True,1,executed,unknown,1.821546090000264,30.582674
2026-01-26 18:48:18.627853,BTC/USDT,BUY,88017.14,88049.27,1.821546090000264,0.056693,87577.05,88457.23,30.379531,,,1.0,1.0,0.0,0.0,0.0,0.0,0.0,0.0,0.0,unknown,normal,True,False,True,BUY,BUY,True,1,executed,unknown,1.821546090000264,30.379531
2026-01-26 18:48:22.654563,BTC/USDT,BUY,88017.14,88049.28,1.822113019999967,0.056693,87577.05,88457.23,32.17592,,,1.0,1.0,0.0,0.0,0.0,0.0,0.0,0.0,0.0,unknown,normal,True,False,True,BUY,BUY,True,1,executed,unknown,1.822113019999967,32.17592
2026-01-26 18:48:25.553528,BTC/USDT,BUY,88017.14,88049.28,1.822113019999967,0.056693,87577.05,88457.23,31.022506,,,1.0,1.0,0.0,0.0,0.0,0.0,0.0,0.0,0.0,unknown,normal,True,False,True,BUY,BUY,True,1,executed,unknown,1.822113019999967,31.022506
2026-01-26 18:49:51.019747,BTC/USDT,BUY,88162.65,88172.65,0.5672200000000001,0.056722,87721.84,88603.46,31.676584,,,1.0,1.0,0.0,0.0,0.0,0.0,0.0,0.0,0.0,unknown,normal,True,False,True,BUY,BUY,True,0,executed,unknown,0.5672200000000001,31.676584
2026-01-26 18:49:53.523032,BTC/USDT,BUY,88162.65,88172.65,0.5672200000000001,0.056722,87721.84,88603.46,30.94598,,,1.0,1.0,0.0,0.0,0.0,0.0,0.0,0.0,0.0,unknown,normal,True,False,True,BUY,BUY,True,0,executed,unknown,0.5672200000000001,30.94598
2026-01-26 18:49:56.979504,BTC/USDT,BUY,88162.65,88172.65,0.5672200000000001,0.056722,87721.84,88603.46,30.990468,,,1.0,1.0,0.0,0.0,0.0,0.0,0.0,0.0,0.0,unknown,normal,True,False,True,BUY,BUY,True,0,executed,unknown,0.5672200000000001,30.990468
2026-01-26 18:50:00.456662,BTC/USDT,BUY,88162.66,88172.65,0.5666527799994717,0.056722,87721.85,88603.47,30.980702,,,1.0,1.0,0.0,0.0,0.0,0.0,0.0,0.0,0.0,unknown,normal,True,False,True,BUY,BUY,True,0,executed,unknown,0.5666527799994717,30.980702
2026-01-26 18:50:02.964709,BTC/USDT,BUY,88162.66,88172.65,0.5666527799994717,0.056722,87721.85,88603.47,30.219177,,,1.0,1.0,0.0,0.0,0.0,0.0,0.0,0.0,0.0,unknown,normal,True,False,True,BUY,BUY,True,0,executed,unknown,0.5666527799994717,30.219177
2026-01-26 18:50:05.474547,BTC/USDT,BUY,88162.66,88172.65,0.5666527799994717,0.056722,87721.85,88603.47,31.192564,,,1.0,1.0,0.0,0.0,0.0,0.0,0.0,0.0,0.0,unknown,normal,True,False,True,BUY,BUY,True,0,executed,unknown,0.5666527799994717,31.192564
2026-01-26 18:50:07.982121,BTC/USDT,BUY,88162.65,88172.64,0.5666527800002972,0.056722,87721.84,88603.46,30.986044,,,1.0,1.0,0.0,0.0,0.0,0.0,0.0,0.0,0.0,unknown,normal,True,False,True,BUY,BUY,True,0,executed,unknown,0.5666527800002972,30.986044
2026-01-26 18:50:11.471436,BTC/USDT,BUY,88160.46,88221.99,3.4901661899999343,0.056723,87719.66,88601.26,30.384429,,,1.0,1.0,0.0,0.0,0.0,0.0,0.0,0.0,0.0,unknown,normal,True,False,True,BUY,BUY,True,1,executed,unknown,3.4901661899999343,30.384429
2026-01-26 18:50:14.953924,BTC/USDT,BUY,88160.46,88222.0,3.490733419999637,0.056723,87719.66,88601.26,31.506238,,,1.0,1.0,0.0,0.0,0.0,0.0,0.0,0.0,0.0,unknown,normal,True,False,True,BUY,BUY,True,1,executed,unknown,3.490733419999637,31.506238
2026-01-26 18:50:19.236239,BTC/USDT,BUY,88160.46,88222.0,3.490733419999637,0.056723,87719.66,88601.26,30.712639,,,1.0,1.0,0.0,0.0,0.0,0.0,0.0,0.0,0.0,unknown,normal,True,False,True,BUY,BUY,True,1,executed,unknown,3.490733419999637,30.712639
2026-01-26 18:50:22.693884,BTC/USDT,BUY,88172.65,88222.0,2.79888525000033,0.056715,87731.79,88613.51,30.151073,,,1.0,1.0,0.0,0.0,0.0,0.0,0.0,0.0,0.0,unknown,normal,True,False,True,BUY,BUY,True,1,executed,unknown,2.79888525000033,30.151073
2026-01-26 18:50:26.219855,BTC/USDT,BUY,88172.65,88234.78,3.524510640000264,0.056728,87731.79,88613.51,31.255232,,,1.0,1.0,0.0,0.0,0.0,0.0,0.0,0.0,0.0,unknown,normal,True,False,True,BUY,BUY,True,1,executed,unknown,3.524510640000264,31.255232
2026-01-26 18:50:59.220876,BTC/USDT,BUY,88235.28,88222.65,-0.7187733000002651,0.05691,87794.1,88676.46,31.965521,,,1.0,1.0,0.0,0.0,0.0,0.0,0.0,0.0,0.0,unknown,normal,True,False,True,BUY,BUY,True,0,executed,unknown,-0.7187733000002651,31.965521
2026-01-26 18:51:01.725311,BTC/USDT,BUY,88235.28,88222.65,-0.7187733000002651,0.05691,87794.1,88676.46,31.220518,,,1.0,1.0,0.0,0.0,0.0,0.0,0.0,0.0,0.0,unknown,normal,True,False,True,BUY,BUY,True,0,executed,unknown,-0.7187733000002651,31.220518
2026-01-26 18:54:45.148383,BTC/USDT,BUY,88245.03,88257.12,0.6877759199998014,0.056888,87803.8,88686.26,31.031214,,,1.0,1.0,0.0,0.0,0.0,0.0,0.0,0.0,0.0,unknown,normal,True,False,True,BUY,BUY,True,0,executed,unknown,0.6877759199998014,31.031214
2026-01-26 18:54:47.659892,BTC/USDT,BUY,88245.04,88257.12,0.6872070400000994,0.056888,87803.81,88686.27,30.270641,,,1.0,1.0,0.0,0.0,0.0,0.0,0.0,0.0,0.0,unknown,normal,True,False,True,BUY,BUY,True,0,executed,unknown,0.6872070400000994,30.270641
2026-01-26 18:54:51.116378,BTC/USDT,BUY,88245.04,88226.71,-1.0427570399992716,0.056888,87803.81,88686.27,30.840146,,,1.0,1.0,0.0,0.0,0.0,0.0,0.0,0.0,0.0,unknown,normal,True,False,True,BUY,BUY,True,0,executed,unknown,-1.0427570399992716,30.840146
2026-01-26 18:54:54.593572,BTC/USDT,BUY,88245.03,88226.71,-1.0421881599995695,0.056888,87803.8,88686.26,30.830073,,,1.0,1.0,0.0,0.0,0.0,0.0,0.0,0.0,0.0,unknown,normal,True,False,True,BUY,BUY,True,0,executed,unknown,-1.0421881599995695,30.830073
2026-01-26 18:54:58.076364,BTC/USDT,BUY,88245.04,88226.7,-1.0433259199998013,0.056888,87803.81,88686.27,30.802029,,,1.0,1.0,0.0,0.0,0.0,0.0,0.0,0.0,0.0,unknown,normal,True,False,True,BUY,BUY,True,0,executed,unknown,-1.0433259199998013,30.802029
2026-01-26 18:55:00.588332,BTC/USDT,BUY,88257.12,88226.71,-1.729720799999371,0.05688,87815.83,88698.41,30.030262,,,1.0,1.0,0.0,0.0,0.0,0.0,0.0,0.0,0.0,unknown,normal,True,False,True,BUY,BUY,True,0,executed,unknown,-1.729720799999371,30.030262
2026-01-26 18:56:02.451550,BTC/USDT,SELL,88213.13,88242.17,-1.651475759999636,0.056869,88654.2,87772.06,30.77144,,,1.0,1.0,0.0,0.0,0.0,0.0,0.0,0.0,0.0,unknown,normal,False,True,True,SELL,SELL,True,0,executed,unknown,-1.651475759999636,30.77144
2026-01-26 18:56:04.968145,BTC/USDT,SELL,88213.13,88242.17,-1.651475759999636,0.056869,88654.2,87772.06,30.580687,,,1.0,1.0,0.0,0.0,0.0,0.0,0.0,0.0,0.0,unknown,normal,False,True,True,SELL,SELL,True,0,executed,unknown,-1.651475759999636,30.580687
2026-01-26 18:56:09.020385,BTC/USDT,SELL,88217.09,88242.17,-1.4261992800000993,0.056866,88658.18,87776.0,30.574451,,,1.0,1.0,0.0,0.0,0.0,0.0,0.0,0.0,0.0,unknown,normal,False,True,True,SELL,SELL,True,0,executed,unknown,-1.4261992800000993,30.574451
2026-01-26 18:56:11.526100,BTC/USDT,SELL,88217.09,88242.17,-1.4261992800000993,0.056866,88658.18,87776.0,32.711414,,,1.0,1.0,0.0,0.0,0.0,0.0,0.0,0.0,0.0,unknown,normal,False,True,True,SELL,SELL,True,0,executed,unknown,-1.4261992800000993,32.711414
2026-01-26 18:56:15.020072,BTC/USDT,SELL,88217.1,88242.17,-1.4256306199995696,0.056866,88658.19,87776.01,30.977203,,,1.0,1.0,0.0,0.0,0.0,0.0,0.0,0.0,0.0,unknown,normal,False,True,True,SELL,SELL,True,0,executed,unknown,-1.4256306199995696,30.977203
2026-01-26 18:56:17.535380,BTC/USDT,SELL,88217.09,88242.17,-1.4261992800000993,0.056866,88658.18,87776.0,30.241414,,,1.0,1.0,0.0,0.0,0.0,0.0,0.0,0.0,0.0,unknown,normal,False,True,True,SELL,SELL,True,0,executed,unknown,-1.4261992800000993,30.241414
2026-01-26 18:56:20.998737,BTC/USDT,SELL,88217.09,88255.42,-2.1796737800000994,0.056866,88658.18,87776.0,32.015894,,,1.0,1.0,0.0,0.0,0.0,0.0,0.0,0.0,0.0,unknown,normal,False,True,True,SELL,SELL,True,0,executed,unknown,-2.1796737800000994,32.015894
2026-01-26 18:56:24.494064,BTC/USDT,SELL,88242.17,88255.42,-0.7532625,0.05685,88683.38,87800.96,30.889886,,,1.0,1.0,0.0,0.0,0.0,0.0,0.0,0.0,0.0,unknown,normal,False,True,True,SELL,SELL,True,0,executed,unknown,-0.7532625,30.889886
2026-01-26 18:57:04.101352,BTC/USDT,SELL,88226.7,88221.01,0.32276525000013206,0.056725,88667.83,87785.57,30.975911,,,1.0,1.0,0.0,0.0,0.0,0.0,0.0,0.0,0.0,unknown,normal,False,True,True,SELL,SELL,True,0,executed,unknown,0.32276525000013206,30.975911
2026-01-26 18:57:06.615711,BTC/USDT,SELL,88226.7,88221.01,0.32276525000013206,0.056725,88667.83,87785.57,30.224614,,,1.0,1.0,0.0,0.0,0.0,0.0,0.0,0.0,0.0,unknown,normal,False,True,True,SELL,SELL,True,0,executed,unknown,0.32276525000013206,30.224614
2026-01-26 18:57:09.121221,BTC/USDT,SELL,88226.7,88221.01,0.32276525000013206,0.056725,88667.83,87785.57,31.2215,,,1.0,1.0,0.0,0.0,0.0,0.0,0.0,0.0,0.0,unknown,normal,False,True,True,SELL,SELL,True,0,executed,unknown,0.32276525000013206,31.2215
2026-01-26 18:57:12.607605,BTC/USDT,SELL,88226.7,88221.01,0.32276525000013206,0.056725,88667.83,87785.57,31.770197,,,1.0,1.0,0.0,0.0,0.0,0.0,0.0,0.0,0.0,unknown,normal,False,True,True,SELL,SELL,True,0,executed,unknown,0.32276525000013206,31.770197
2026-01-26 18:57:15.119571,BTC/USDT,SELL,88226.7,88221.01,0.32276525000013206,0.056725,88667.83,87785.57,31.015805,,,1.0,1.0,0.0,0.0,0.0,0.0,0.0,0.0,0.0,unknown,normal,False,True,True,SELL,SELL,True,0,executed,unknown,0.32276525000013206,31.015805
2026-01-26 18:57:17.631025,BTC/USDT,SELL,88226.7,88221.01,0.32276525000013206,0.056725,88667.83,87785.57,30.256122,,,1.0,1.0,0.0,0.0,0.0,0.0,0.0,0.0,0.0,unknown,normal,False,True,True,SELL,SELL,True,0,executed,unknown,0.32276525000013206,30.256122
2026-01-26 18:57:20.541192,BTC/USDT,SELL,88226.7,88311.71,-4.822192250000528,0.056725,88667.83,87785.57,30.830057,,,1.0,1.0,0.0,0.0,0.0,0.0,0.0,0.0,0.0,unknown,normal,False,True,True,SELL,SELL,True,0,executed,unknown,-4.822192250000528,30.830057
2026-01-26 18:57:24.057432,BTC/USDT,SELL,88226.71,88311.72,-4.822192249999703,0.056725,88667.84,87785.58,31.392266,,,1.0,1.0,0.0,0.0,0.0,0.0,0.0,0.0,0.0,unknown,normal,False,True,True,SELL,SELL,True,0,executed,unknown,-4.822192249999703,31.392266
2026-01-26 18:58:42.985303,BTC/USDT,SELL,88333.33,88359.09,-1.4572174399997038,0.056569,88775.0,87891.66,32.040776,,,1.0,1.0,0.0,0.0,0.0,0.0,0.0,0.0,0.0,unknown,normal,False,True,True,SELL,SELL,True,0,executed,unknown,-1.4572174399997038,32.040776
2026-01-26 18:58:45.497337,BTC/USDT,SELL,88333.33,88375.01,-2.357795919999605,0.056569,88775.0,87891.66,32.04096,,,1.0,1.0,0.0,0.0,0.0,0.0,0.0,0.0,0.0,unknown,normal,False,True,True,SELL,SELL,True,0,executed,unknown,-2.357795919999605,32.04096
2026-01-26 18:58:49.565340,BTC/USDT,SELL,88333.33,88375.01,-2.357795919999605,0.056569,88775.0,87891.66,30.484022,,,1.0,1.0,0.0,0.0,0.0,0.0,0.0,0.0,0.0,unknown,normal,False,True,True,SELL,SELL,True,0,executed,unknown,-2.357795919999605,30.484022
2026-01-26 18:58:53.042543,BTC/USDT,SELL,88333.33,88375.01,-2.357795919999605,0.056569,88775.0,87891.66,31.058631,,,1.0,1.0,0.0,0.0,0.0,0.0,0.0,0.0,0.0,unknown,normal,False,True,True,SELL,SELL,True,0,executed,unknown,-2.357795919999605,31.058631
2026-01-26 18:58:57.059002,BTC/USDT,SELL,88352.37,88375.01,-1.2804504799999672,0.056557,88794.13,87910.61,30.511743,,,1.0,1.0,0.0,0.0,0.0,0.0,0.0,0.0,0.0,unknown,normal,False,True,True,SELL,SELL,True,0,executed,unknown,-1.2804504799999672,30.511743
2026-01-26 18:58:59.569584,BTC/USDT,SELL,88359.09,88375.01,-0.9003237599999012,0.056553,88800.89,87917.29,30.326978,,,1.0,1.0,0.0,0.0,0.0,0.0,0.0,0.0,0.0,unknown,normal,False,True,True,SELL,SELL,True,0,executed,unknown,-0.9003237599999012,30.326978
2026-01-26 18:59:03.062662,BTC/USDT,SELL,88359.08,88400.0,-2.314148759999901,0.056553,88800.88,87917.28,30.901767,,,1.0,1.0,0.0,0.0,0.0,0.0,0.0,0.0,0.0,unknown,normal,False,True,True,SELL,SELL,True,0,executed,unknown,-2.314148759999901,30.901767
2026-01-26 18:59:05.568568,BTC/USDT,SELL,88359.09,88400.0,-2.3135832300001975,0.056553,88800.89,87917.29,30.150367,,,1.0,1.0,0.0,0.0,0.0,0.0,0.0,0.0,0.0,unknown,normal,False,True,True,SELL,SELL,True,0,executed,unknown,-2.3135832300001975,30.150367
2026-01-26 18:59:09.046636,BTC/USDT,SELL,88359.09,88400.0,-2.3135832300001975,0.056553,88800.89,87917.29,30.740907,,,1.0,1.0,0.0,0.0,0.0,0.0,0.0,0.0,0.0,unknown,normal,False,True,True,SELL,SELL,True,0,executed,unknown,-2.3135832300001975,30.740907
2026-01-26 18:59:12.518140,BTC/USDT,SELL,88359.09,88400.0,-2.3135832300001975,0.056553,88800.89,87917.29,30.782915,,,1.0,1.0,0.0,0.0,0.0,0.0,0.0,0.0,0.0,unknown,normal,False,True,True,SELL,SELL,True,0,executed,unknown,-2.3135832300001975,30.782915
2026-01-26 18:59:15.023882,BTC/USDT,SELL,88359.09,88400.0,-2.3135832300001975,0.056553,88800.89,87917.29,30.025835,,,1.0,1.0,0.0,0.0,0.0,0.0,0.0,0.0,0.0,unknown,normal,False,True,True,SELL,SELL,True,0,executed,unknown,-2.3135832300001975,30.025835
2026-01-26 18:59:17.536074,BTC/USDT,SELL,88375.01,88403.73,-1.6234267200000658,0.056526,88816.89,87933.13,30.985095,,,1.0,1.0,0.0,0.0,0.0,0.0,0.0,0.0,0.0,unknown,normal,False,True,True,SELL,SELL,True,0,executed,unknown,-1.6234267200000658,30.985095
2026-01-26 18:59:20.047087,BTC/USDT,SELL,88375.01,88403.73,-1.6226512800000659,0.056499,88816.89,87933.13,30.251922,,,1.0,1.0,0.0,0.0,0.0,0.0,0.0,0.0,0.0,unknown,normal,False,True,True,SELL,SELL,True,0,executed,unknown,-1.6226512800000659,30.251922
2026-01-26 18:59:35.717010,BTC/USDT,SELL,88400.0,88431.68,-1.7860867199996062,0.056379,88842.0,87958.0,31.314264,,,1.0,1.0,0.0,0.0,0.0,0.0,0.0,0.0,0.0,unknown,normal,False,True,True,SELL,SELL,True,0,executed,unknown,-1.7860867199996062,31.314264
2026-01-26 19:03:18.605790,BTC/USDT,SELL,88457.3,88431.68,1.439357220000556,0.056181,88899.59,88015.01,31.425482,,,1.0,1.0,0.0,0.0,0.0,0.0,0.0,0.0,0.0,unknown,normal,False,True,True,SELL,SELL,True,1,executed,unknown,1.439357220000556,31.425482
2026-01-26 19:03:22.659176,BTC/USDT,SELL,88457.3,88431.68,1.439357220000556,0.056181,88899.59,88015.01,31.425427,,,1.0,1.0,0.0,0.0,0.0,0.0,0.0,0.0,0.0,unknown,normal,False,True,True,SELL,SELL,True,1,executed,unknown,1.439357220000556,31.425427
2026-01-26 19:03:25.165475,BTC/USDT,SELL,88457.3,88431.68,1.439357220000556,0.056181,88899.59,88015.01,30.696409,,,1.0,1.0,0.0,0.0,0.0,0.0,0.0,0.0,0.0,unknown,normal,False,True,True,SELL,SELL,True,1,executed,unknown,1.439357220000556,30.696409
2026-01-26 19:03:27.676032,BTC/USDT,SELL,88457.3,88431.68,1.439357220000556,0.056181,88899.59,88015.01,30.513239,,,1.0,1.0,0.0,0.0,0.0,0.0,0.0,0.0,0.0,unknown,normal,False,True,True,SELL,SELL,True,1,executed,unknown,1.439357220000556,30.513239
2026-01-26 19:03:31.148177,BTC/USDT,SELL,88457.3,88431.68,1.439357220000556,0.056181,88899.59,88015.01,30.516492,,,1.0,1.0,0.0,0.0,0.0,0.0,0.0,0.0,0.0,unknown,normal,False,True,True,SELL,SELL,True,1,executed,unknown,1.439357220000556,30.516492
2026-01-26 19:03:33.663993,BTC/USDT,SELL,88457.3,88431.68,1.439357220000556,0.056181,88899.59,88015.01,32.105464,,,1.0,1.0,0.0,0.0,0.0,0.0,0.0,0.0,0.0,unknown,normal,False,True,True,SELL,SELL,True,1,executed,unknown,1.439357220000556,32.105464
2026-01-26 19:03:36.167768,BTC/USDT,SELL,88457.3,88381.75,4.244474550000164,0.056181,88899.59,88015.01,31.939857,,,1.0,1.0,0.0,0.0,0.0,0.0,0.0,0.0,0.0,unknown,normal,False,True,True,SELL,SELL,True,1,executed,unknown,4.244474550000164,31.939857
2026-01-26 19:03:39.644668,BTC/USDT,SELL,88457.29,88381.75,4.24391273999964,0.056181,88899.58,88015.0,30.805641,,,1.0,1.0,0.0,0.0,0.0,0.0,0.0,0.0,0.0,unknown,normal,False,True,True,SELL,SELL,True,1,executed,unknown,4.24391273999964,30.805641
2026-01-26 19:05:03.307261,BTC/USDT,SELL,88374.19,88341.5,1.8446313200001314,0.056428,88816.06,87932.32,30.050446,,,1.0,1.0,0.0,0.0,0.0,0.0,0.0,0.0,0.0,unknown,normal,False,True,True,SELL,SELL,True,1,executed,unknown,1.8446313200001314,30.050446
2026-01-26 19:05:06.834673,BTC/USDT,SELL,88374.19,88341.5,1.8446313200001314,0.056428,88816.06,87932.32,30.579855,,,1.0,1.0,0.0,0.0,0.0,0.0,0.0,0.0,0.0,unknown,normal,False,True,True,SELL,SELL,True,1,executed,unknown,1.8446313200001314,30.579855
2026-01-26 19:05:10.887167,BTC/USDT,SELL,88374.19,88341.5,1.8446313200001314,0.056428,88816.06,87932.32,30.039754,,,1.0,1.0,0.0,0.0,0.0,0.0,0.0,0.0,0.0,unknown,normal,False,True,True,SELL,SELL,True,1,executed,unknown,1.8446313200001314,30.039754
2026-01-26 19:05:14.404303,BTC/USDT,SELL,88374.19,88341.5,1.8446313200001314,0.056428,88816.06,87932.32,30.036274,,,1.0,1.0,0.0,0.0,0.0,0.0,0.0,0.0,0.0,unknown,normal,False,True,True,SELL,SELL,True,1,executed,unknown,1.8446313200001314,30.036274
2026-01-26 19:05:16.913472,BTC/USDT,SELL,88369.24,88341.5,1.5653959400002957,0.056431,88811.09,87927.39,31.595901,,,1.0,1.0,0.0,0.0,0.0,0.0,0.0,0.0,0.0,unknown,normal,False,True,True,SELL,SELL,True,1,executed,unknown,1.5653959400002957,31.595901
2026-01-26 19:05:19.434102,BTC/USDT,SELL,88369.24,88378.0,-0.4943355599997044,0.056431,88811.09,87927.39,30.838954,,,1.0,1.0,0.0,0.0,0.0,0.0,0.0,0.0,0.0,unknown,normal,False,True,True,SELL,SELL,True,0,executed,unknown,-0.4943355599997044,30.838954
2026-01-26 19:05:23.469668,BTC/USDT,SELL,88369.24,88378.0,-0.4943355599997044,0.056431,88811.09,87927.39,31.449956,,,1.0,1.0,0.0,0.0,0.0,0.0,0.0,0.0,0.0,unknown,normal,False,True,True,SELL,SELL,True,0,executed,unknown,-0.4943355599997044,31.449956
2026-01-26 19:05:26.972757,BTC/USDT,SELL,88369.24,88378.0,-0.4943355599997044,0.056431,88811.09,87927.39,31.446651,,,1.0,1.0,0.0,0.0,0.0,0.0,0.0,0.0,0.0,unknown,normal,False,True,True,SELL,SELL,True,0,executed,unknown,-0.4943355599997044,31.446651
2026-01-26 19:09:03.540270,BTC/USDT,SELL,88398.92,88395.09,0.21637968000009863,0.056496,88840.91,87956.93,30.953924,,,1.0,1.0,0.0,0.0,0.0,0.0,0.0,0.0,0.0,unknown,normal,False,True,True,SELL,SELL,True,0,executed,unknown,0.21637968000009863,30.953924
2026-01-26 19:09:06.047431,BTC/USDT,SELL,88398.92,88395.09,0.21637968000009863,0.056496,88840.91,87956.93,30.201939,,,1.0,1.0,0.0,0.0,0.0,0.0,0.0,0.0,0.0,unknown,normal,False,True,True,SELL,SELL,True,0,executed,unknown,0.21637968000009863,30.201939
2026-01-26 19:09:08.557759,BTC/USDT,SELL,88398.91,88395.09,0.21581472000039462,0.056496,88840.9,87956.92,32.317228,,,1.0,1.0,0.0,0.0,0.0,0.0,0.0,0.0,0.0,unknown,normal,False,True,True,SELL,SELL,True,0,executed,unknown,0.21581472000039462,32.317228
2026-01-26 19:09:12.577913,BTC/USDT,SELL,88398.91,88395.09,0.21581472000039462,0.056496,88840.9,87956.92,30.043901,,,1.0,1.0,0.0,0.0,0.0,0.0,0.0,0.0,0.0,unknown,normal,False,True,True,SELL,SELL,True,0,executed,unknown,0.21581472000039462,30.043901
2026-01-26 19:09:16.637136,BTC/USDT,SELL,88395.09,88389.29,0.3276942000001644,0.056499,88837.07,87953.11,31.742406,,,1.0,1.0,0.0,0.0,0.0,0.0,0.0,0.0,0.0,unknown,normal,False,True,True,SELL,SELL,True,0,executed,unknown,0.3276942000001644,31.742406
2026-01-26 19:11:05.462761,BTC/USDT,BUY,88389.55,88320.01,-3.9301226400004605,0.056516,87947.6,88831.5,30.375146,,,1.0,1.0,0.0,0.0,0.0,0.0,0.0,0.0,0.0,unknown,normal,True,False,True,BUY,BUY,True,0,executed,unknown,-3.9301226400004605,30.375146
2026-01-26 19:11:07.973887,BTC/USDT,BUY,88389.56,88320.01,-3.930687800000164,0.056516,87947.61,88831.51,31.357069,,,1.0,1.0,0.0,0.0,0.0,0.0,0.0,0.0,0.0,unknown,normal,True,False,True,BUY,BUY,True,0,executed,unknown,-3.930687800000164,31.357069
2026-01-26 19:11:12.000524,BTC/USDT,BUY,88389.55,88320.01,-3.9301226400004605,0.056516,87947.6,88831.5,31.626524,,,1.0,1.0,0.0,0.0,0.0,0.0,0.0,0.0,0.0,unknown,normal,True,False,True,BUY,BUY,True,0,executed,unknown,-3.9301226400004605,31.626524
2026-01-26 19:11:16.034814,BTC/USDT,BUY,88348.56,88320.01,-1.6142741000001646,0.056542,87906.82,88790.3,30.59032,,,1.0,1.0,0.0,0.0,0.0,0.0,0.0,0.0,0.0,unknown,normal,True,False,True,BUY,BUY,True,0,executed,unknown,-1.6142741000001646,30.59032
2026-01-26 19:11:18.920300,BTC/USDT,BUY,88348.56,88336.89,-0.6598451399999012,0.056542,87906.82,88790.3,30.037391,,,1.0,1.0,0.0,0.0,0.0,0.0,0.0,0.0,0.0,unknown,normal,True,False,True,BUY,BUY,True,0,executed,unknown,-0.6598451399999012,30.037391
2026-01-26 19:11:21.748708,BTC/USDT,BUY,88348.56,88336.89,-0.6598451399999012,0.056542,87906.82,88790.3,30.666238,,,1.0,1.0,0.0,0.0,0.0,0.0,0.0,0.0,0.0,unknown,normal,True,False,True,BUY,BUY,True,0,executed,unknown,-0.6598451399999012,30.666238
2026-01-26 19:11:25.226680,BTC/USDT,BUY,88382.78,88336.88,-2.594267999999671,0.05652,87940.87,88824.69,30.695634,,,1.0,1.0,0.0,0.0,0.0,0.0,0.0,0.0,0.0,unknown,normal,True,False,True,BUY,BUY,True,0,executed,unknown,-2.594267999999671,30.695634
2026-01-26 19:11:27.735965,BTC/USDT,BUY,88382.78,88336.88,-2.594267999999671,0.05652,87940.87,88824.69,30.487382,,,1.0,1.0,0.0,0.0,0.0,0.0,0.0,0.0,0.0,unknown,normal,True,False,True,BUY,BUY,True,0,executed,unknown,-2.594267999999671,30.487382
2026-01-26 19:11:34.092260,BTC/USDT,BUY,88320.01,88384.2,3.6305864000001318,0.05656,87878.41,88761.61,31.828742,,,1.0,1.0,0.0,0.0,0.0,0.0,0.0,0.0,0.0,unknown,normal,True,False,True,BUY,BUY,True,1,executed,unknown,3.6305864000001318,31.828742
2026-01-26 19:11:37.591745,BTC/USDT,BUY,88320.01,88384.2,3.6277620400001314,0.056516,87878.41,88761.61,30.850443,,,1.0,1.0,0.0,0.0,0.0,0.0,0.0,0.0,0.0,unknown,normal,True,False,True,BUY,BUY,True,1,executed,unknown,3.6277620400001314,30.850443
2026-01-26 19:11:41.111334,BTC/USDT,BUY,88320.01,88384.2,3.6248734900001316,0.056471,87878.41,88761.61,30.192519,,,1.0,1.0,0.0,0.0,0.0,0.0,0.0,0.0,0.0,unknown,normal,True,False,True,BUY,BUY,True,1,executed,unknown,3.6248734900001316,30.192519
2026-01-26 19:11:43.624829,BTC/USDT,BUY,88320.01,88384.2,3.6248734900001316,0.056471,87878.41,88761.61,31.165984,,,1.0,1.0,0.0,0.0,0.0,0.0,0.0,0.0,0.0,unknown,normal,True,False,True,BUY,BUY,True,1,executed,unknown,3.6248734900001316,31.165984
2026-01-26 19:11:46.622784,BTC/USDT,BUY,88320.01,88384.2,3.622049130000131,0.056427,87878.41,88761.61,31.654586,,,1.0,1.0,0.0,0.0,0.0,0.0,0.0,0.0,0.0,unknown,normal,True,False,True,BUY,BUY,True,1,executed,unknown,3.622049130000131,31.654586
2026-01-26 19:12:03.412499,BTC/USDT,BUY,88336.89,88382.61,2.5751332800000655,0.056324,87895.21,88778.57,30.132297,,,1.0,1.0,0.0,0.0,0.0,0.0,0.0,0.0,0.0,unknown,normal,True,False,True,BUY,BUY,True,1,executed,unknown,2.5751332800000655,30.132297
2026-01-26 19:12:05.918869,BTC/USDT,BUY,88384.2,88382.61,-0.08950745999980339,0.056294,87942.28,88826.12,31.691742,,,1.0,1.0,0.0,0.0,0.0,0.0,0.0,0.0,0.0,unknown,normal,True,False,True,BUY,BUY,True,0,executed,unknown,-0.08950745999980339,31.691742
2026-01-26 19:12:08.427715,BTC/USDT,BUY,88384.2,88392.75,0.481664250000164,0.056335,87942.28,88826.12,30.953156,,,1.0,1.0,0.0,0.0,0.0,0.0,0.0,0.0,0.0,unknown,normal,True,False,True,BUY,BUY,True,0,executed,unknown,0.481664250000164,30.953156
2026-01-26 19:12:11.302046,BTC/USDT,BUY,88384.2,88392.75,0.4820148000001641,0.056376,87942.28,88826.12,31.564014,,,1.0,1.0,0.0,0.0,0.0,0.0,0.0,0.0,0.0,unknown,normal,True,False,True,BUY,BUY,True,0,executed,unknown,0.4820148000001641,31.564014
2026-01-26 19:12:14.789001,BTC/USDT,BUY,88384.2,88392.75,0.48236535000016423,0.056417,87942.28,88826.12,30.41052,,,1.0,1.0,0.0,0.0,0.0,0.0,0.0,0.0,0.0,unknown,normal,True,False,True,BUY,BUY,True,0,executed,unknown,0.48236535000016423,30.41052
2026-01-26 19:12:18.275533,BTC/USDT,BUY,88384.2,88392.75,0.48271590000016434,0.056458,87942.28,88826.12,31.566216,,,1.0,1.0,0.0,0.0,0.0,0.0,0.0,0.0,0.0,unknown,normal,True,False,True,BUY,BUY,True,0,executed,unknown,0.48271590000016434,31.566216
2026-01-26 19:12:21.780413,BTC/USDT,BUY,88382.62,88392.74,0.5717800000005591,0.0565,87940.71,88824.53,32.674403,,,1.0,1.0,0.0,0.0,0.0,0.0,0.0,0.0,0.0,unknown,normal,True,False,True,BUY,BUY,True,0,executed,unknown,0.5717800000005591,32.674403
2026-01-26 19:12:24.290147,BTC/USDT,BUY,88382.62,88392.74,0.5717800000005591,0.0565,87940.71,88824.53,30.180464,,,1.0,1.0,0.0,0.0,0.0,0.0,0.0,0.0,0.0,unknown,normal,True,False,True,BUY,BUY,True,0,executed,unknown,0.5717800000005591,30.180464
2026-01-26 19:12:28.343749,BTC/USDT,BUY,88382.62,88392.0,0.5299700000002631,0.0565,87940.71,88824.53,30.203847,,,1.0,1.0,0.0,0.0,0.0,0.0,0.0,0.0,0.0,unknown,normal,True,False,True,BUY,BUY,True,0,executed,unknown,0.5299700000002631,30.203847
2026-01-26 19:12:31.797087,BTC/USDT,BUY,88382.62,88381.72,-0.05084999999967113,0.0565,87940.71,88824.53,31.918555,,,1.0,1.0,0.0,0.0,0.0,0.0,0.0,0.0,0.0,unknown,normal,True,False,True,BUY,BUY,True,0,executed,unknown,-0.05084999999967113,31.918555
2026-01-26 19:12:35.878515,BTC/USDT,BUY,88382.61,88381.71,-0.05087609999967096,0.056529,87940.7,88824.52,30.340477,,,1.0,1.0,0.0,0.0,0.0,0.0,0.0,0.0,0.0,unknown,normal,True,False,True,BUY,BUY,True,0,executed,unknown,-0.05087609999967096,30.340477
2026-01-26 19:13:03.701311,BTC/USDT,BUY,88381.72,88350.01,-1.7938029900003623,0.056569,87939.81,88823.63,30.562378,,,1.0,1.0,0.0,0.0,0.0,0.0,0.0,0.0,0.0,unknown,normal,True,False,True,BUY,BUY,True,0,executed,unknown,-1.7938029900003623,30.562378
2026-01-26 19:13:06.216842,BTC/USDT,BUY,88381.71,88371.26,-0.5911460500006586,0.056569,87939.8,88823.62,31.56664,,,1.0,1.0,0.0,0.0,0.0,0.0,0.0,0.0,0.0,unknown,normal,True,False,True,BUY,BUY,True,0,executed,unknown,-0.5911460500006586,31.56664
2026-01-26 19:13:08.727999,BTC/USDT,BUY,88381.71,88371.26,-0.5911356000006586,0.056568,87939.8,88823.62,30.833842,,,1.0,1.0,0.0,0.0,0.0,0.0,0.0,0.0,0.0,unknown,normal,True,False,True,BUY,BUY,True,0,executed,unknown,-0.5911356000006586,30.833842
2026-01-26 19:13:11.237138,BTC/USDT,BUY,88381.72,88371.26,-0.5917012800003622,0.056568,87939.81,88823.63,30.70417,,,1.0,1.0,0.0,0.0,0.0,0.0,0.0,0.0,0.0,unknown,normal,True,False,True,BUY,BUY,True,0,executed,unknown,-0.5917012800003622,30.70417
2026-01-26 19:13:13.747606,BTC/USDT,BUY,88381.72,88371.26,-0.5917012800003622,0.056568,87939.81,88823.63,31.687841,,,1.0,1.0,0.0,0.0,0.0,0.0,0.0,0.0,0.0,unknown,normal,True,False,True,BUY,BUY,True,0,executed,unknown,-0.5917012800003622,31.687841
2026-01-26 19:13:17.225282,BTC/USDT,BUY,88350.01,88371.26,1.20251625,0.056589,87908.26,88791.76,32.293917,,,1.0,1.0,0.0,0.0,0.0,0.0,0.0,0.0,0.0,unknown,normal,True,False,True,BUY,BUY,True,1,executed,unknown,1.20251625,32.293917
2026-01-26 19:13:20.704649,BTC/USDT,BUY,88350.01,88371.26,1.20251625,0.056589,87908.26,88791.76,30.56482,,,1.0,1.0,0.0,0.0,0.0,0.0,0.0,0.0,0.0,unknown,normal,True,False,True,BUY,BUY,True,1,executed,unknown,1.20251625,30.56482
2026-01-26 19:13:23.207915,BTC/USDT,BUY,88350.01,88371.26,1.20251625,0.056589,87908.26,88791.76,30.422214,,,1.0,1.0,0.0,0.0,0.0,0.0,0.0,0.0,0.0,unknown,normal,True,False,True,BUY,BUY,True,1,executed,unknown,1.20251625,30.422214
2026-01-26 19:14:02.917548,BTC/USDT,BUY,88365.93,88363.89,-0.11540687999963778,0.056572,87924.1,88807.76,30.230505,,,1.0,1.0,0.0,0.0,0.0,0.0,0.0,0.0,0.0,unknown,normal,True,False,True,BUY,BUY,True,0,executed,unknown,-0.11540687999963778,30.230505
2026-01-26 19:14:05.803987,BTC/USDT,BUY,88365.93,88363.35,-0.14595575999927554,0.056572,87924.1,88807.76,30.895519,,,1.0,1.0,0.0,0.0,0.0,0.0,0.0,0.0,0.0,unknown,normal,True,False,True,BUY,BUY,True,0,executed,unknown,-0.14595575999927554,30.895519
2026-01-26 19:14:08.308085,BTC/USDT,BUY,88365.93,88363.35,-0.14595575999927554,0.056572,87924.1,88807.76,30.142816,,,1.0,1.0,0.0,0.0,0.0,0.0,0.0,0.0,0.0,unknown,normal,True,False,True,BUY,BUY,True,0,executed,unknown,-0.14595575999927554,30.142816
2026-01-26 19:14:11.874732,BTC/USDT,BUY,88365.93,88363.35,-0.14595575999927554,0.056572,87924.1,88807.76,30.629812,,,1.0,1.0,0.0,0.0,0.0,0.0,0.0,0.0,0.0,unknown,normal,True,False,True,BUY,BUY,True,0,executed,unknown,-0.14595575999927554,30.629812
2026-01-26 19:14:14.380696,BTC/USDT,BUY,88374.01,88363.35,-0.6030042199993744,0.056567,87932.14,88815.88,30.442439,,,1.0,1.0,0.0,0.0,0.0,0.0,0.0,0.0,0.0,unknown,normal,True,False,True,BUY,BUY,True,0,executed,unknown,-0.6030042199993744,30.442439
2026-01-26 19:14:17.886752,BTC/USDT,BUY,88374.01,88363.35,-0.6030042199993744,0.056567,87932.14,88815.88,30.454247,,,1.0,1.0,0.0,0.0,0.0,0.0,0.0,0.0,0.0,unknown,normal,True,False,True,BUY,BUY,True,0,executed,unknown,-0.6030042199993744,30.454247
2026-01-26 19:14:20.388573,BTC/USDT,BUY,88374.01,88363.35,-0.6030042199993744,0.056567,87932.14,88815.88,31.999535,,,1.0,1.0,0.0,0.0,0.0,0.0,0.0,0.0,0.0,unknown,normal,True,False,True,BUY,BUY,True,0,executed,unknown,-0.6030042199993744,31.999535
2026-01-26 19:14:25.035630,BTC/USDT,BUY,88363.89,88368.14,0.24043525,0.056573,87922.07,88805.71,30.824004,,,1.0,1.0,0.0,0.0,0.0,0.0,0.0,0.0,0.0,unknown,normal,True,False,True,BUY,BUY,True,0,executed,unknown,0.24043525,30.824004
2026-01-26 19:15:17.882140,BTC/USDT,BUY,88407.99,88397.21,-0.6092963799999342,0.056521,87965.95,88850.03,30.515995,,,1.0,1.0,0.0,0.0,0.0,0.0,0.0,0.0,0.0,unknown,normal,True,False,True,BUY,BUY,True,0,executed,unknown,-0.6092963799999342,30.515995
2026-01-26 19:15:21.371118,BTC/USDT,BUY,88407.99,88397.21,-0.6092963799999342,0.056521,87965.95,88850.03,31.098558,,,1.0,1.0,0.0,0.0,0.0,0.0,0.0,0.0,0.0,unknown,normal,True,False,True,BUY,BUY,True,0,executed,unknown,-0.6092963799999342,31.098558
2026-01-26 19:15:24.847222,BTC/USDT,BUY,88407.99,88397.21,-0.6092963799999342,0.056521,87965.95,88850.03,32.23838,,,1.0,1.0,0.0,0.0,0.0,0.0,0.0,0.0,0.0,unknown,normal,True,False,True,BUY,BUY,True,0,executed,unknown,-0.6092963799999342,32.23838
2026-01-26 19:15:27.350587,BTC/USDT,BUY,88407.99,88397.21,-0.6092963799999342,0.056521,87965.95,88850.03,31.489592,,,1.0,1.0,0.0,0.0,0.0,0.0,0.0,0.0,0.0,unknown,normal,True,False,True,BUY,BUY,True,0,executed,unknown,-0.6092963799999342,31.489592
2026-01-26 19:15:29.856973,BTC/USDT,BUY,88407.99,88397.21,-0.6092963799999342,0.056521,87965.95,88850.03,30.735194,,,1.0,1.0,0.0,0.0,0.0,0.0,0.0,0.0,0.0,unknown,normal,True,False,True,BUY,BUY,True,0,executed,unknown,-0.6092963799999342,30.735194
2026-01-26 19:16:04.104649,BTC/USDT,BUY,88393.74,88392.12,-0.09152352000055904,0.056496,87951.77,88835.71,31.145995,,,1.0,1.0,0.0,0.0,0.0,0.0,0.0,0.0,0.0,unknown,normal,True,False,True,BUY,BUY,True,0,executed,unknown,-0.09152352000055904,31.145995
2026-01-26 19:16:08.128780,BTC/USDT,BUY,88365.54,88392.12,1.5021421200000988,0.056514,87923.71,88807.37,31.184955,,,1.0,1.0,0.0,0.0,0.0,0.0,0.0,0.0,0.0,unknown,normal,True,False,True,BUY,BUY,True,1,executed,unknown,1.5021421200000988,31.184955
2026-01-26 19:16:37.573544,BTC/USDT,BUY,88392.12,88340.57,-2.912368799999342,0.056496,87950.16,88834.08,31.283266,,,1.0,1.0,0.0,0.0,0.0,0.0,0.0,0.0,0.0,unknown,normal,True,False,True,BUY,BUY,True,0,executed,unknown,-2.912368799999342,31.283266
2026-01-26 19:16:59.607316,BTC/USDT,BUY,88340.57,88340.57,0.0,0.056546,87898.87,88782.27,30.140866,,,1.0,1.0,0.0,0.0,0.0,0.0,0.0,0.0,0.0,unknown,normal,True,False,True,BUY,BUY,True,0,executed,unknown,0.0,30.140866
2026-01-26 19:17:37.854209,BTC/USDT,BUY,88371.12,88357.01,-0.797116230000033,0.056493,87929.26,88812.98,31.63875,,,1.0,1.0,0.0,0.0,0.0,0.0,0.0,0.0,0.0,unknown,normal,True,False,True,BUY,BUY,True,0,executed,unknown,-0.797116230000033,31.63875
2026-01-26 19:17:40.361200,BTC/USDT,BUY,88371.12,88357.01,-0.797116230000033,0.056493,87929.26,88812.98,31.436802,,,1.0,1.0,0.0,0.0,0.0,0.0,0.0,0.0,0.0,unknown,normal,True,False,True,BUY,BUY,True,0,executed,unknown,-0.797116230000033,31.436802
2026-01-26 19:17:43.831931,BTC/USDT,BUY,88371.12,88357.01,-0.797116230000033,0.056493,87929.26,88812.98,32.039842,,,1.0,1.0,0.0,0.0,0.0,0.0,0.0,0.0,0.0,unknown,normal,True,False,True,BUY,BUY,True,0,executed,unknown,-0.797116230000033,32.039842
2026-01-26 19:17:46.340722,BTC/USDT,BUY,88371.12,88357.01,-0.797116230000033,0.056493,87929.26,88812.98,32.04047,,,1.0,1.0,0.0,0.0,0.0,0.0,0.0,0.0,0.0,unknown,normal,True,False,True,BUY,BUY,True,0,executed,unknown,-0.797116230000033,32.04047
2026-01-26 19:17:49.836420,BTC/USDT,BUY,88357.01,88357.01,0.0,0.056502,87915.22,88798.8,30.308477,,,1.0,1.0,0.0,0.0,0.0,0.0,0.0,0.0,0.0,unknown,normal,True,False,True,BUY,BUY,True,0,executed,unknown,0.0,30.308477
2026-01-26 19:18:03.712382,BTC/USDT,BUY,88357.01,88359.08,0.11695914000039466,0.056502,87915.22,88798.8,31.186546,,,1.0,1.0,0.0,0.0,0.0,0.0,0.0,0.0,0.0,unknown,normal,True,False,True,BUY,BUY,True,0,executed,unknown,0.11695914000039466,31.186546
2026-01-26 19:18:07.737273,BTC/USDT,BUY,88357.01,88359.08,0.11695914000039466,0.056502,87915.22,88798.8,30.790392,,,1.0,1.0,0.0,0.0,0.0,0.0,0.0,0.0,0.0,unknown,normal,True,False,True,BUY,BUY,True,0,executed,unknown,0.11695914000039466,30.790392
2026-01-26 19:18:11.796207,BTC/USDT,BUY,88357.01,88306.65,-2.8449874800000328,0.056493,87915.22,88798.8,30.238147,,,1.0,1.0,0.0,0.0,0.0,0.0,0.0,0.0,0.0,unknown,normal,True,False,True,BUY,BUY,True,0,executed,unknown,-2.8449874800000328,30.238147
2026-01-26 19:18:15.869905,BTC/USDT,BUY,88357.01,88306.64,-2.845099079999737,0.056484,87915.22,88798.8,31.408965,,,1.0,1.0,0.0,0.0,0.0,0.0,0.0,0.0,0.0,unknown,normal,True,False,True,BUY,BUY,True,0,executed,unknown,-2.845099079999737,31.408965
2026-01-26 19:18:18.379010,BTC/USDT,BUY,88357.01,88306.64,-2.844645749999737,0.056475,87915.22,88798.8,30.649308,,,1.0,1.0,0.0,0.0,0.0,0.0,0.0,0.0,0.0,unknown,normal,True,False,True,BUY,BUY,True,0,executed,unknown,-2.844645749999737,30.649308
2026-01-26 19:18:21.987665,BTC/USDT,BUY,88357.01,88306.65,-2.843627760000033,0.056466,87915.22,88798.8,32.467006,,,1.0,1.0,0.0,0.0,0.0,0.0,0.0,0.0,0.0,unknown,normal,True,False,True,BUY,BUY,True,0,executed,unknown,-2.843627760000033,32.467006
2026-01-26 19:18:25.440808,BTC/USDT,BUY,88357.01,88306.65,-2.843627760000033,0.056466,87915.22,88798.8,31.52597,,,1.0,1.0,0.0,0.0,0.0,0.0,0.0,0.0,0.0,unknown,normal,True,False,True,BUY,BUY,True,0,executed,unknown,-2.843627760000033,31.52597
2026-01-26 19:18:27.950928,BTC/USDT,BUY,88359.09,88306.64,-2.9615892499998355,0.056465,87917.29,88800.89,30.769745,,,1.0,1.0,0.0,0.0,0.0,0.0,0.0,0.0,0.0,unknown,normal,True,False,True,BUY,BUY,True,0,executed,unknown,-2.9615892499998355,30.769745
2026-01-26 19:18:42.032576,BTC/USDT,BUY,88306.65,88306.65,0.0,0.056501,87865.12,88748.18,31.205187,,,1.0,1.0,0.0,0.0,0.0,0.0,0.0,0.0,0.0,unknown,normal,True,False,True,BUY,BUY,True,0,executed,unknown,0.0,31.205187
2026-01-26 19:18:45.534311,BTC/USDT,BUY,88306.65,88266.01,-2.294900159999967,0.056469,87865.12,88748.18,31.181198,,,1.0,1.0,0.0,0.0,0.0,0.0,0.0,0.0,0.0,unknown,normal,True,False,True,BUY,BUY,True,0,executed,unknown,-2.294900159999967,31.181198
2026-01-26 19:18:49.026488,BTC/USDT,BUY,88306.64,88266.01,-2.293035310000263,0.056437,87865.11,88748.17,31.172617,,,1.0,1.0,0.0,0.0,0.0,0.0,0.0,0.0,0.0,unknown,normal,True,False,True,BUY,BUY,True,0,executed,unknown,-2.293035310000263,31.172617
2026-01-26 19:18:51.947361,BTC/USDT,BUY,88306.65,88266.01,-2.292258559999967,0.056404,87865.12,88748.18,30.017811,,,1.0,1.0,0.0,0.0,0.0,0.0,0.0,0.0,0.0,unknown,normal,True,False,True,BUY,BUY,True,0,executed,unknown,-2.292258559999967,30.017811
2026-01-26 19:18:54.452510,BTC/USDT,BUY,88306.65,88266.0,-2.292822599999672,0.056404,87865.12,88748.18,31.553737,,,1.0,1.0,0.0,0.0,0.0,0.0,0.0,0.0,0.0,unknown,normal,True,False,True,BUY,BUY,True,0,executed,unknown,-2.292822599999672,31.553737
2026-01-26 19:18:56.964647,BTC/USDT,BUY,88306.65,88266.0,-2.2915217999996718,0.056372,87865.12,88748.18,30.799642,,,1.0,1.0,0.0,0.0,0.0,0.0,0.0,0.0,0.0,unknown,normal,True,False,True,BUY,BUY,True,0,executed,unknown,-2.2915217999996718,30.799642
2026-01-26 19:19:00.469511,BTC/USDT,BUY,88306.65,88266.01,-2.2882758399999674,0.056306,87865.12,88748.18,31.351012,,,1.0,1.0,0.0,0.0,0.0,0.0,0.0,0.0,0.0,unknown,normal,True,False,True,BUY,BUY,True,0,executed,unknown,-2.2882758399999674,31.351012
2026-01-26 19:19:03.971430,BTC/USDT,BUY,88306.65,88266.01,-2.2882758399999674,0.056306,87865.12,88748.18,31.349546,,,1.0,1.0,0.0,0.0,0.0,0.0,0.0,0.0,0.0,unknown,normal,True,False,True,BUY,BUY,True,0,executed,unknown,-2.2882758399999674,31.349546
2026-01-26 19:20:04.323081,BTC/USDT,BUY,88315.99,88315.99,0.0,0.056119,87874.41,88757.57,30.332354,,,1.0,1.0,0.0,0.0,0.0,0.0,0.0,0.0,0.0,unknown,normal,True,False,True,BUY,BUY,True,0,executed,unknown,0.0,30.332354
2026-01-26 19:20:06.838894,BTC/USDT,BUY,88315.99,88315.99,0.0,0.056119,87874.41,88757.57,30.143263,,,1.0,1.0,0.0,0.0,0.0,0.0,0.0,0.0,0.0,unknown,normal,True,False,True,BUY,BUY,True,0,executed,unknown,0.0,30.143263
2026-01-26 19:21:03.062411,BTC/USDT,BUY,88290.72,88249.02,-2.3408294999998365,0.056135,87849.27,88732.17,31.183919,,,1.0,1.0,0.0,0.0,0.0,0.0,0.0,0.0,0.0,unknown,normal,True,False,True,BUY,BUY,True,0,executed,unknown,-2.3408294999998365,31.183919
2026-01-26 19:21:06.567295,BTC/USDT,BUY,88290.71,88249.02,-2.3402681500001306,0.056135,87849.26,88732.16,31.926904,,,1.0,1.0,0.0,0.0,0.0,0.0,0.0,0.0,0.0,unknown,normal,True,False,True,BUY,BUY,True,0,executed,unknown,-2.3402681500001306,31.926904
2026-01-26 19:21:09.068896,BTC/USDT,BUY,88290.71,88249.02,-2.3402681500001306,0.056135,87849.26,88732.16,31.932737,,,1.0,1.0,0.0,0.0,0.0,0.0,0.0,0.0,0.0,unknown,normal,True,False,True,BUY,BUY,True,0,executed,unknown,-2.3402681500001306,31.932737
2026-01-26 19:21:11.947555,BTC/USDT,BUY,88290.72,88249.02,-2.3408294999998365,0.056135,87849.27,88732.17,30.839129,,,1.0,1.0,0.0,0.0,0.0,0.0,0.0,0.0,0.0,unknown,normal,True,False,True,BUY,BUY,True,0,executed,unknown,-2.3408294999998365,30.839129
2026-01-26 19:21:15.413120,BTC/USDT,BUY,88411.5,88200.75,-11.814223499999999,0.056058,87969.44,88853.56,30.909189,,,1.0,1.0,0.0,0.0,0.0,0.0,0.0,0.0,0.0,unknown,normal,True,False,True,BUY,BUY,True,0,executed,unknown,-11.814223499999999,30.909189
2026-01-26 19:21:18.924411,BTC/USDT,BUY,88411.5,88200.75,-11.814223499999999,0.056058,87969.44,88853.56,30.894791,,,1.0,1.0,0.0,0.0,0.0,0.0,0.0,0.0,0.0,unknown,normal,True,False,True,BUY,BUY,True,0,executed,unknown,-11.814223499999999,30.894791
2026-01-26 19:21:22.426512,BTC/USDT,BUY,88229.78,88200.75,-1.6307312199999346,0.056174,87788.63,88670.93,30.926127,,,1.0,1.0,0.0,0.0,0.0,0.0,0.0,0.0,0.0,unknown,normal,True,False,True,BUY,BUY,True,0,executed,unknown,-1.6307312199999346,30.926127
2026-01-26 19:21:24.928602,BTC/USDT,BUY,88415.58,88196.03,-12.307094800000163,0.056056,87973.5,88857.66,31.306952,,,1.0,1.0,0.0,0.0,0.0,0.0,0.0,0.0,0.0,unknown,normal,True,False,True,BUY,BUY,True,0,executed,unknown,-12.307094800000163,31.306952
2026-01-26 19:21:29.018418,BTC/USDT,BUY,88266.01,88200.75,-3.6644142599997056,0.056151,87824.68,88707.34,32.055487,,,1.0,1.0,0.0,0.0,0.0,0.0,0.0,0.0,0.0,unknown,normal,True,False,True,BUY,BUY,True,0,executed,unknown,-3.6644142599997056,32.055487
2026-01-26 19:21:32.497716,BTC/USDT,BUY,88249.02,88200.75,-2.710891470000229,0.056161,87807.77,88690.27,30.322003,,,1.0,1.0,0.0,0.0,0.0,0.0,0.0,0.0,0.0,unknown,normal,True,False,True,BUY,BUY,True,0,executed,unknown,-2.710891470000229,30.322003
2026-01-26 19:21:35.989437,BTC/USDT,BUY,88249.02,88113.06,-7.632114600000359,0.056135,87807.77,88690.27,31.461735,,,1.0,1.0,0.0,0.0,0.0,0.0,0.0,0.0,0.0,unknown,normal,True,False,True,BUY,BUY,True,0,executed,unknown,-7.632114600000359,31.461735
